"","dtract","x","y","X","Estimate..Total.","Margin.of.Error..Total.","Estimate..Total....Retail.trade"
"1",1,-122.28237582,47.72625423,1,3344,312,275
"2",2,-122.30999616,47.7266402,2,3914,377,694
"3",3,-122.33292293,47.73052448,3,1373,129,205
"4",4.01,-122.35267187,47.72894392,4,2334,351,322
"5",4.02,-122.35236671,47.71685876,5,2382,246,351
"6",5,-122.370668,47.72243979,6,1496,136,92
"7",6,-122.33253152,47.71791701,7,4048,325,414
"8",7,-122.30186319,47.7156892,8,2728,277,345
"9",8,-122.28608222,47.71124944,9,1410,136,193
"10",9,-122.2704967,47.70749035,10,1087,118,90
"11",10,-122.29606479,47.70640682,11,921,121,28
"12",11,-122.30680723,47.7065472,12,1605,207,143
"13",12,-122.32281951,47.70712138,13,3327,364,336
"14",13,-122.34217902,47.70228121,14,2809,247,405
"15",14,-122.36649686,47.70672755,15,3203,255,337
"16",15,-122.39602475,47.69698246,16,1426,113,176
"18",17.01,-122.35448406,47.6963622,18,2805,210,376
"26",25,-122.30227921,47.68389716,26,1829,176,102
"27",26,-122.31192835,47.68274525,27,3078,219,304
"28",27,-122.33112522,47.68686716,28,3303,270,382
"29",28,-122.34992555,47.68512015,29,2824,274,233
"30",29,-122.36064664,47.68508732,30,2547,212,303
"31",30,-122.37404442,47.68509587,31,3394,209,257
"32",31,-122.39641042,47.68695035,32,3699,350,476
"33",32,-122.40122904,47.67500279,33,4840,375,544
"34",33,-122.3768125,47.67597136,34,4164,321,408
"35",34,-122.36174627,47.67406478,35,2174,171,103
"36",35,-122.35208805,47.6725469,36,2404,216,282
"37",36,-122.32420528,47.6771913,37,4088,414,159
"38",38,-122.29552916,47.67940934,38,1243,145,77
"39",39,-122.28234143,47.67941167,39,1584,144,111
"40",40,-122.24739363,47.67975367,40,1485,166,222
"41",41,-122.26267078,47.66011164,41,3894,272,391
"42",42,-122.28410146,47.6702043,42,4571,368,295
"43",43.01,-122.30022222,47.66940201,43,1787,239,199
"44",43.02,-122.303595,47.6647407,44,1706,415,349
"45",44,-122.31193239,47.67034111,45,4070,465,623
"46",45,-122.32291108,47.66858243,46,1864,254,201
"47",46,-122.33776343,47.67402407,47,2085,194,154
"48",47,-122.37594417,47.66576388,48,5166,548,510
"49",48,-122.36063248,47.66043019,49,3310,386,341
"50",49,-122.35115501,47.65683202,50,5040,357,456
"51",50,-122.3418076,47.66086964,51,2464,233,377
"52",51,-122.33224805,47.65851852,52,2230,207,109
"53",52,-122.3230895,47.65896613,53,4584,752,814
"54",53.01,-122.31312154,47.6615051,54,2891,383,543
"55",53.02,-122.30186556,47.65391343,55,1509,388,128
"56",54,-122.33858807,47.64920104,56,3404,267,281
"57",56,-122.40714251,47.64074874,57,3085,248,206
"58",57,-122.41394195,47.66029224,58,3396,321,420
"59",58.01,-122.38559754,47.65520107,59,3374,357,507
"60",58.02,-122.37956098,47.63400723,60,3461,284,337
"61",59,-122.36840048,47.64842451,61,4889,584,289
"62",60,-122.35215219,47.64405591,62,3428,320,358
"63",61,-122.32218374,47.64481031,63,4156,336,346
"64",62,-122.30071861,47.63935779,64,2187,182,175
"65",63,-122.27588539,47.6362046,65,2572,307,219
"66",64,-122.30482586,47.62853983,66,1891,145,220
"67",65,-122.31775781,47.63096364,67,2732,218,156
"68",66,-122.3300052,47.63290875,68,2375,316,163
"69",67,-122.3446638,47.6322261,69,4766,419,684
"70",68,-122.3564653,47.63603068,70,1724,189,217
"71",69,-122.36697148,47.63436302,71,2550,249,259
"72",70,-122.35680622,47.62823286,72,4971,420,655
"73",71,-122.35740201,47.62244425,73,2208,208,318
"74",72,-122.34311766,47.61945409,74,4050,352,638
"75",73,-122.33351634,47.61998841,75,3033,337,371
"76",74.01,-122.32465844,47.62292437,76,3683,283,608
"77",74.02,-122.32441884,47.61876078,77,4049,351,506
"78",75,-122.31688604,47.61839027,78,5223,448,422
"79",76,-122.3075858,47.62186781,79,2524,190,273
"80",77,-122.29735162,47.61912054,80,2787,332,294
"81",78,-122.27902267,47.6135716,81,2989,264,191
"82",79,-122.30767219,47.6143866,82,3544,346,326
"83",80.01,-122.35514123,47.61492657,83,3682,430,180
"84",80.02,-122.34525919,47.61208708,84,1720,254,165
"85",81,-122.33923822,47.60623096,85,2256,356,393
"86",82,-122.33194114,47.61037287,86,2268,377,324
"87",83,-122.32800425,47.61181785,87,1810,188,342
"88",84,-122.32394196,47.61346758,88,2941,280,269
"89",85,-122.3249464,47.60511254,89,1142,181,83
"90",86,-122.31668926,47.60710166,90,2522,314,310
"91",87,-122.30779097,47.60592367,91,2646,338,269
"92",88,-122.29763238,47.6073301,92,2306,269,180
"93",89,-122.28459927,47.59639733,93,2405,324,260
"94",90,-122.30909765,47.59826419,94,1587,217,281
"95",91,-122.32175438,47.59842321,95,1139,201,148
"96",92,-122.33432141,47.60052013,96,1140,177,88
"97",93,-122.33097314,47.57642781,97,1308,171,91
"98",94,-122.3098672,47.58819261,98,3351,395,349
"99",95,-122.28308001,47.58197536,99,3017,332,171
"100",96,-122.38791914,47.58937788,100,2803,304,217
"101",97.01,-122.41055826,47.57333678,101,3500,317,272
"102",97.02,-122.39601044,47.57192766,102,2931,254,203
"103",98,-122.38309405,47.5719551,103,3761,253,509
"104",99,-122.36087169,47.57488815,104,2989,253,251
"105",100.01,-122.30502785,47.56799333,105,1932,266,63
"106",100.02,-122.30957277,47.57657903,106,2611,387,244
"107",101,-122.27547492,47.56683441,107,3068,308,231
"108",102,-122.25924435,47.55379972,108,2477,158,201
"109",103,-122.28263914,47.5541365,109,2963,352,302
"110",104.01,-122.29563789,47.55320415,110,2346,429,105
"111",104.02,-122.31022576,47.55378777,111,2642,370,198
"112",105,-122.38554942,47.55744064,112,3429,336,470
"113",106,-122.39219789,47.54808388,113,4610,352,478
"114",107.01,-122.366043,47.54289384,114,1575,272,313
"115",107.02,-122.37303021,47.54680438,115,1575,182,191
"116",108,-122.35157359,47.54801652,116,2689,227,315
"117",109,-122.31970653,47.54219648,117,801,102,90
"118",110.01,-122.28620474,47.53835967,118,1673,336,164
"119",110.02,-122.29891021,47.54041423,119,1897,250,399
"120",111.01,-122.27737261,47.53948424,120,2223,288,234
"121",111.02,-122.25998406,47.53936993,121,2186,264,123
"122",112,-122.32611915,47.52902647,122,2163,437,327
"123",113,-122.34472854,47.52743057,123,3339,359,255
"124",114.01,-122.36202789,47.52970616,124,2223,204,265
"125",114.02,-122.36462532,47.5206653,125,2133,233,233
"126",115,-122.37553298,47.53018363,126,2430,177,297
"127",116,-122.39078662,47.5290566,127,3835,386,207
"128",117,-122.28285138,47.52017228,128,2906,362,314
"129",118,-122.2590323,47.52314388,129,3303,453,306
"130",119,-122.25196737,47.50845637,130,3456,363,536
"131",120,-122.38068086,47.51292907,131,2024,143,285
"132",121,-122.38699988,47.5067829,132,1561,128,201
"133",201,-122.38723214,47.77079321,133,1401,129,135
"134",202,-122.36335964,47.77166834,134,2604,242,226
"135",203,-122.340575,47.77050097,135,3487,410,304
"136",204.01,-122.31954127,47.77081699,136,1761,205,246
"137",204.02,-122.29702729,47.76951022,137,2868,320,393
"138",205,-122.31380587,47.7562527,138,3105,314,294
"139",206,-122.33210025,47.7560216,139,1896,198,202
"140",207,-122.34732279,47.75616393,140,2041,289,225
"141",208,-122.37169669,47.75825961,141,1844,164,153
"142",209,-122.36468144,47.7428827,142,1645,303,88
"143",210,-122.33450287,47.74140627,143,2688,246,391
"144",211,-122.31288544,47.7412056,144,2275,208,223
"145",213,-122.28697043,47.74008142,145,1959,257,265
"146",214,-122.29101624,47.75361856,146,1943,166,159
"147",215,-122.27508955,47.76488643,147,2382,207,208
"148",216,-122.25802735,47.76675386,148,2478,238,293
"149",217,-122.23518675,47.76413183,149,4151,370,536
"150",218.02,-122.17274,47.76737788,150,2787,318,334
"151",218.03,-122.21442447,47.76441654,151,2209,217,374
"152",218.04,-122.1963741,47.76570328,152,2293,205,316
"153",219.03,-122.17812993,47.71792497,153,2616,274,296
"154",219.04,-122.16161548,47.72293361,154,2481,166,307
"155",219.05,-122.18142388,47.74317079,155,2747,326,295
"156",219.06,-122.16465773,47.74058154,156,2268,227,185
"157",220.01,-122.19892036,47.74514435,157,2226,313,202
"158",220.03,-122.19824133,47.72573118,158,2508,179,265
"159",220.05,-122.19390705,47.71161992,159,2569,224,158
"160",220.06,-122.1992671,47.70433923,160,1879,163,133
"161",221.01,-122.25598512,47.74322624,161,2274,229,204
"162",221.02,-122.22590542,47.74240618,162,2919,232,305
"163",222.01,-122.23204685,47.72634045,163,2183,158,323
"164",222.02,-122.21433214,47.72069038,164,3927,353,557
"165",222.03,-122.2260092,47.70787965,165,2570,186,253
"166",223,-122.25005201,47.71408685,166,1231,160,69
"167",224,-122.21134766,47.68593343,167,4273,290,291
"168",225,-122.1930279,47.68020644,168,3918,321,386
"169",226.03,-122.17298703,47.69501383,169,2571,294,308
"170",226.04,-122.17400168,47.67622799,170,1961,183,307
"171",226.05,-122.15574604,47.69146902,171,3380,320,351
"172",226.06,-122.1541693,47.66875217,172,2849,264,257
"173",227.01,-122.20578742,47.6539291,173,1327,149,114
"174",227.02,-122.19427459,47.65682028,174,1636,172,111
"175",227.03,-122.17584268,47.65729175,175,1122,109,79
"176",228.01,-122.15322097,47.64643219,176,4680,321,546
"177",228.02,-122.13500099,47.66339104,177,2612,234,207
"178",228.03,-122.13127156,47.64393376,178,2750,266,185
"179",229.01,-122.11839387,47.63660784,179,1508,161,126
"180",229.02,-122.10027113,47.63910606,180,3083,226,344
"181",230,-122.10136318,47.62057169,181,2675,264,326
"182",231,-122.10733451,47.60461997,182,1949,231,240
"183",232.01,-122.13754089,47.61860664,183,3070,282,273
"184",232.02,-122.12707276,47.61796357,184,2174,289,250
"185",233,-122.1284364,47.60025635,185,3341,365,448
"186",234.01,-122.14673155,47.58674892,186,1793,215,241
"187",234.03,-122.11318561,47.58066085,187,2108,183,260
"188",234.04,-122.08676874,47.56737859,188,1837,188,83
"189",235,-122.17286012,47.59138291,189,1694,157,169
"190",236.01,-122.17191388,47.61045896,190,1812,173,213
"191",236.03,-122.15080575,47.61739795,191,3189,433,295
"192",236.04,-122.15394923,47.59939013,192,3099,322,285
"193",237,-122.17370022,47.63271267,193,2053,155,298
"194",238.01,-122.18869821,47.59571093,194,1240,174,129
"195",238.03,-122.19785836,47.61925411,195,2138,330,151
"196",238.04,-122.19846592,47.61328047,196,3212,444,369
"197",239,-122.20060876,47.58303591,197,3370,463,350
"198",240,-122.2036205,47.62723242,198,3869,370,539
"199",241,-122.22072297,47.63953348,199,1839,125,219
"200",242,-122.23998024,47.63199465,200,1000,113,125
"201",243,-122.24640784,47.59005182,201,3450,310,258
"202",244,-122.21732748,47.5811482,202,1298,147,181
"203",245,-122.21989944,47.56637726,203,2224,193,131
"204",246.01,-122.22428584,47.54874028,204,1783,181,111
"205",246.02,-122.22833068,47.53151341,205,1589,131,69
"206",247.01,-122.18085882,47.56147865,206,1900,209,195
"207",247.02,-122.18846117,47.53489195,207,3842,277,523
"208",248,-122.15210087,47.57439074,208,2538,279,173
"209",249.01,-122.15751856,47.56330348,209,2180,175,285
"210",249.02,-122.13371789,47.56536979,210,1877,198,186
"211",249.03,-122.14125917,47.55084982,211,3097,218,253
"212",250.01,-122.16950344,47.53781438,212,2549,255,319
"213",250.03,-122.10810355,47.55672033,213,3589,278,319
"214",250.05,-122.14668802,47.53068299,214,2361,248,173
"215",250.06,-122.09868346,47.5269237,215,2840,329,145
"216",251.01,-122.15499558,47.50939236,216,3040,340,375
"217",251.02,-122.14072444,47.4980985,217,4156,326,411
"218",252,-122.18273538,47.51068859,218,4551,466,491
"219",253.01,-122.20514871,47.50914642,219,2579,340,299
"220",253.02,-122.21517678,47.49464183,220,2615,408,396
"221",254,-122.18390867,47.4945394,221,3803,404,307
"222",255,-122.16996192,47.49707258,222,2650,331,385
"223",256.01,-122.17486898,47.48275256,223,2758,276,259
"224",256.02,-122.14888113,47.47771334,224,3278,272,276
"225",257.01,-122.19139538,47.47160373,225,2840,281,408
"226",257.02,-122.16465061,47.46383469,226,1788,223,123
"227",258.03,-122.17845706,47.45038968,227,2227,260,300
"228",258.04,-122.16917048,47.45476471,228,1841,296,176
"229",258.05,-122.1937966,47.45468623,229,2151,233,345
"230",258.06,-122.20969279,47.45464299,230,2549,284,305
"231",260.01,-122.23623205,47.49902754,231,3194,299,426
"232",260.02,-122.22830078,47.48586812,232,3750,492,507
"233",261,-122.25009745,47.4896013,233,3258,465,459
"234",262,-122.24331994,47.46058816,234,2738,304,195
"235",263,-122.28922218,47.51007173,235,595,143,9
"236",264,-122.31185499,47.51017969,236,2695,377,322
"237",265,-122.3374648,47.51280235,237,1824,243,227
"238",266,-122.36326807,47.51284601,238,1302,194,153
"239",267,-122.3635404,47.49735501,239,2718,355,188
"240",268.01,-122.34374603,47.507249,240,2757,390,301
"241",268.02,-122.34374175,47.49768841,241,1980,285,249
"242",270,-122.32282774,47.4972552,242,1744,219,228
"243",271,-122.29984499,47.49203871,243,1445,285,83
"244",272,-122.28112798,47.48728784,244,1185,178,137
"245",273,-122.30024593,47.47968462,245,2749,284,160
"246",274,-122.32361121,47.48273306,246,2316,292,377
"247",275,-122.34117211,47.48163617,247,2219,269,274
"248",276,-122.36185156,47.4756788,248,1953,222,138
"249",277.01,-122.47489647,47.45290942,249,3504,403,412
"250",277.02,-122.4676414,47.37729172,250,2485,370,169
"251",278,-122.36758603,47.45246594,251,1274,166,81
"252",279,-122.34773637,47.46422563,252,3413,351,361
"253",280,-122.32392171,47.46662818,253,1798,310,266
"254",281,-122.29912101,47.46868942,254,1039,158,63
"255",282,-122.27703675,47.46579737,255,2056,267,231
"256",283,-122.26989086,47.43096283,256,2568,271,243
"257",284.02,-122.30303672,47.4501494,257,2296,280,239
"258",284.03,-122.28412724,47.43967781,258,2210,329,367
"259",285,-122.32642916,47.445049,259,1960,201,252
"260",286,-122.34528775,47.43321925,260,3084,235,318
"261",287,-122.32780163,47.42124004,261,2586,252,229
"262",288.01,-122.3086054,47.42069472,262,1312,249,202
"263",288.02,-122.28805559,47.42500763,263,2978,452,373
"264",289.01,-122.3203112,47.40299424,264,1878,249,228
"265",289.02,-122.30176369,47.39940886,265,2842,402,277
"266",290.01,-122.32217155,47.38450479,266,2216,192,226
"267",290.03,-122.30575336,47.3824994,267,2866,363,205
"268",290.04,-122.29686494,47.37990309,268,1515,226,183
"269",291.01,-122.28050198,47.39644729,269,1493,190,234
"270",291.02,-122.28410521,47.37992583,270,1859,180,339
"271",292.03,-122.23137033,47.38627466,271,1056,155,234
"272",292.04,-122.21668244,47.39927331,272,3532,320,279
"273",292.05,-122.26312148,47.38831003,273,2544,502,272
"274",292.06,-122.24354444,47.41319538,274,1685,299,129
"275",293.03,-122.20141548,47.43689061,275,4103,378,793
"276",293.04,-122.17012661,47.43810385,276,2801,331,433
"277",293.05,-122.20908482,47.42299171,277,1729,207,198
"278",293.06,-122.18648082,47.42304991,278,1583,166,187
"279",293.07,-122.1599647,47.42310197,279,2041,168,260
"280",294.03,-122.19724691,47.40891153,280,2722,287,335
"281",294.05,-122.1759183,47.40891839,281,2747,216,242
"282",294.06,-122.17619235,47.39447549,282,2478,291,333
"283",294.07,-122.20177326,47.39424106,283,1796,212,286
"284",294.08,-122.19166814,47.3946966,284,2007,191,372
"285",295.02,-122.17539389,47.37463196,285,3094,352,357
"286",295.03,-122.20448013,47.37609735,286,3393,407,559
"287",295.04,-122.19454967,47.37972044,287,2497,391,286
"288",296.01,-122.18459425,47.35731079,288,2608,312,409
"289",296.02,-122.18584927,47.33859036,289,2490,154,292
"290",297,-122.22456252,47.36457616,290,2851,350,330
"291",298.01,-122.26842064,47.36603797,291,3639,437,354
"292",298.02,-122.27406113,47.34568889,292,4965,418,445
"293",299.01,-122.28292307,47.32459595,293,2311,244,214
"294",299.02,-122.26172493,47.32042386,294,2198,207,271
"295",300.03,-122.31542809,47.35962531,295,2786,434,162
"296",300.04,-122.30338728,47.35010444,296,3882,426,324
"297",300.05,-122.30276726,47.33653031,297,2346,296,233
"298",300.06,-122.30436511,47.32250402,298,1645,231,338
"299",301,-122.34706351,47.33572888,299,3144,326,338
"300",302.01,-122.34547527,47.32229064,300,2384,230,250
"301",302.02,-122.32312855,47.32439003,301,2793,340,402
"302",303.04,-122.33038065,47.27678291,302,1498,161,257
"303",303.05,-122.38487462,47.32216635,303,2425,314,328
"304",303.06,-122.39386247,47.31096982,304,3153,238,365
"305",303.08,-122.35202474,47.30831703,305,3356,423,396
"306",303.09,-122.33871406,47.30209949,306,3278,339,206
"307",303.1,-122.34959406,47.29010588,307,2624,250,235
"308",303.11,-122.3686421,47.30743162,308,2234,208,233
"309",303.12,-122.36821477,47.29321467,309,2357,256,144
"310",303.13,-122.31394929,47.30024257,310,1683,334,239
"311",303.14,-122.32368672,47.30809568,311,1615,275,236
"312",304.01,-122.28332081,47.29349132,312,4427,401,623
"313",304.03,-122.30990098,47.26631991,313,2311,192,285
"314",304.04,-122.28120347,47.26766327,314,2377,229,232
"315",305.01,-122.2371354,47.3279499,315,705,138,99
"316",305.03,-122.2160016,47.34224543,316,2144,242,294
"317",305.04,-122.21336324,47.32130804,317,1971,295,407
"318",306,-122.20791388,47.30715192,318,2399,309,380
"319",307,-122.22156882,47.29716381,319,1531,212,215
"320",308.01,-122.23458785,47.28697314,320,3217,386,418
"321",308.02,-122.21372365,47.28604592,321,2035,284,148
"322",309.01,-122.25311087,47.28071315,322,1603,126,207
"323",309.02,-122.24425944,47.26549069,323,2351,289,305
"324",310,-122.18869925,47.2677605,324,1568,184,226
"325",311,-122.1894545,47.29086275,325,2861,288,359
"326",312.02,-122.06782833,47.25574987,326,2573,295,222
"327",312.04,-122.12284125,47.3041284,327,3046,367,301
"328",312.05,-122.17763237,47.32772622,328,3064,327,449
"329",312.06,-122.18400077,47.31217645,329,2324,229,238
"330",313.01,-122.05441245,47.20906441,330,1176,137,182
"331",313.02,-122.01186535,47.18594233,331,2156,217,219
"332",314,-121.98942354,47.20648679,332,2906,303,319
"333",315.01,-121.88187693,47.32098605,333,1919,233,270
"335",316.01,-122.08796484,47.3298621,335,2907,205,401
"336",316.03,-121.99104211,47.32112254,336,2878,277,293
"337",316.04,-122.034847,47.35072344,337,2542,197,266
"338",316.05,-122.0428629,47.32072123,338,1827,245,135
"339",317.03,-122.14919266,47.37187686,339,3421,270,505
"340",317.04,-122.14218272,47.35028785,340,2496,238,395
"341",317.05,-122.11197263,47.38053866,341,2298,251,268
"342",317.06,-122.11715011,47.36413389,342,3255,315,514
"343",318,-122.12259143,47.4075087,343,2465,237,226
"344",319.03,-122.1108688,47.48217937,344,3149,301,396
"345",319.04,-122.06276609,47.46479954,345,2037,185,141
"346",319.06,-122.09770198,47.44426756,346,1975,239,173
"347",319.07,-122.13050857,47.45330567,347,4319,343,579
"348",319.08,-122.14276444,47.44710714,348,2410,395,159
"349",319.09,-122.14347699,47.4378386,349,1825,146,85
"350",320.02,-122.03169411,47.43248606,350,1602,166,267
"351",320.03,-121.916668,47.42460976,351,2593,252,285
"352",320.05,-122.0849767,47.37079051,352,3646,340,533
"353",320.06,-122.08096729,47.35058083,353,2380,188,364
"354",320.07,-122.06509682,47.39325453,354,1999,213,176
"355",320.08,-122.05201758,47.36723318,355,2202,241,372
"356",320.1,-122.02324991,47.37801929,356,2472,193,234
"357",320.11,-122.03548754,47.36913385,357,1927,161,253
"358",321.02,-121.96712985,47.49116355,358,2621,219,318
"359",321.03,-122.04880056,47.53906186,359,2296,294,285
"360",321.04,-122.05315908,47.50512885,360,3336,304,607
"361",322.03,-122.06666766,47.60007339,361,3293,228,384
"362",322.07,-122.05995053,47.58155386,362,1734,156,236
"363",322.08,-122.04605798,47.56200809,363,3205,338,432
"364",322.1,-121.96355515,47.55278112,364,5898,477,770
"365",322.11,-122.01936328,47.57981998,365,2666,218,346
"366",322.12,-122.00823163,47.56780542,366,4654,298,665
"367",322.13,-121.9922221,47.58657074,367,2260,186,318
"368",322.14,-122.02130796,47.60278583,368,3089,205,330
"369",322.15,-121.98567793,47.61039981,369,1783,168,191
"370",323.07,-122.09053411,47.75639539,370,3682,292,436
"371",323.09,-122.13381978,47.68562676,371,3240,430,369
"372",323.11,-122.03902773,47.75439177,372,2953,272,266
"373",323.13,-122.08891665,47.66957993,373,3528,404,404
"374",323.15,-121.97538244,47.66091653,374,2901,256,256
"375",323.16,-122.07317684,47.63887901,375,2523,191,212
"376",323.17,-122.04798509,47.62761761,376,3058,278,292
"377",323.18,-122.03207977,47.63507405,377,2983,184,270
"378",323.19,-122.14765711,47.75956101,378,2621,341,290
"379",323.2,-122.12433232,47.75500111,379,2052,214,192
"380",323.21,-122.12632586,47.7179219,380,2555,250,216
"381",323.22,-122.09784492,47.72600445,381,1839,191,183
"382",323.23,-122.11176681,47.69860149,382,2659,249,138
"383",323.24,-122.11998395,47.68552637,383,2950,311,265
"384",323.25,-122.10495626,47.6864822,384,3234,313,340
"385",323.26,-122.07135518,47.71729192,385,1962,192,256
"386",323.27,-122.04028982,47.71011401,386,1622,314,185
"387",323.28,-122.04613148,47.66416528,387,1866,167,242
"388",323.29,-122.02971359,47.6836617,388,4051,321,388
"389",324.01,-121.94554629,47.7461741,389,2769,309,316
"390",324.02,-121.95152232,47.70396559,390,3246,340,335
"391",325,-121.8272061,47.70344069,391,2855,233,269
"392",326.01,-121.86004316,47.58813082,392,1634,264,120
"393",326.02,-121.87788609,47.53477244,393,5639,357,488
"395",327.03,-121.81867202,47.5167154,395,1022,123,89
"396",327.04,-121.77024302,47.4921858,396,3031,368,550
"398",401,-122.21526567,48.0059389,1102,1969,173,199
"399",402,-122.18785563,48.00282496,2102,2487,472,329
"400",403,-122.20003862,47.99413429,3101,1289,164,127
"401",404,-122.21452818,47.98617421,414,1765,231,133
"402",405,-122.18211716,47.98537746,514,1072,129,100
"403",407,-122.19763654,47.97436939,613,1532,221,186
"404",408,-122.22479121,47.97706486,713,1314,190,168
"405",409,-122.23702249,47.96183637,813,1368,161,155
"406",410,-122.21352612,47.96018464,913,2609,303,237
"407",411,-122.21950187,47.94463133,1013,2266,283,225
"408",412.01,-122.23562227,47.94477054,1113,1590,218,193
"409",412.02,-122.22209914,47.9288001,1213,3069,336,376
"410",413.01,-122.30132901,47.93820558,1313,2485,249,139
"411",413.03,-122.24654842,47.94082309,1413,2285,265,311
"412",413.04,-122.27104342,47.93982206,1513,1543,279,107
"413",414,-122.20388064,47.94172692,1613,2714,272,365
"414",415,-122.18686975,47.9423644,1713,714,83,82
"415",416.01,-122.19330198,47.91621039,1812,2864,298,227
"416",416.05,-122.19581168,47.90011428,1912,3088,296,378
"417",416.06,-122.19594113,47.88526806,2012,2488,260,375
"418",416.07,-122.17349374,47.89837904,2112,2229,171,373
"419",416.08,-122.16865014,47.88602027,2212,3134,280,329
"420",417.01,-122.21460744,47.88971313,2312,2151,292,258
"421",417.03,-122.24069264,47.86062141,2412,2554,294,153
"422",417.04,-122.22520129,47.86740485,2512,2560,455,356
"423",418.05,-122.2226767,47.91404187,2612,2653,330,371
"424",418.06,-122.22993551,47.90164123,2712,3458,398,469
"425",418.08,-122.23082458,47.89083079,2812,1516,170,225
"426",418.09,-122.24551674,47.89174982,2912,2148,435,120
"427",418.1,-122.24906589,47.88607164,3012,2421,303,379
"428",418.11,-122.2533863,47.87235277,3112,3456,349,500
"429",418.12,-122.26688185,47.87506488,3212,2316,358,357
"430",419.01,-122.27893035,47.90165978,3312,1968,255,201
"431",419.03,-122.25792568,47.91531164,3412,3461,337,371
"432",419.04,-122.23887671,47.91677226,3512,2133,348,273
"433",419.05,-122.25719102,47.90141371,3612,3307,425,425
"434",420.01,-122.31216363,47.90982361,3712,2917,320,282
"435",420.03,-122.32158934,47.87112884,3812,1697,179,125
"436",420.04,-122.287778,47.87103652,3912,2395,233,317
"437",420.05,-122.31143045,47.88461425,403,2855,242,372
"438",420.06,-122.29892971,47.89410364,415,2823,258,398
"439",501.01,-122.31730682,47.85902148,423,1293,120,129
"440",501.02,-122.29558879,47.85812526,433,2926,312,430
"441",502,-122.33681502,47.84466024,443,2223,197,264
"442",503,-122.3568314,47.8270706,453,2449,260,245
"443",504.01,-122.34955059,47.81474848,463,3728,337,258
"444",504.02,-122.34991271,47.80439185,473,2907,331,346
"445",505,-122.3781198,47.80701026,483,2858,291,298
"446",506,-122.38823251,47.78978273,493,562,54,55
"447",507,-122.3651021,47.7846493,503,3087,315,346
"448",508,-122.35018301,47.79274978,515,3297,327,395
"449",509,-122.33626456,47.78568909,523,1591,164,227
"450",510,-122.32246848,47.79237717,533,2549,384,285
"451",511,-122.30711924,47.78399065,543,2071,277,328
"452",512,-122.3058172,47.79781264,553,2208,234,343
"453",513,-122.29129804,47.79237317,563,3756,361,359
"454",514,-122.30654166,47.81333503,572,3522,417,637
"455",515,-122.32642603,47.82076201,582,2557,341,358
"456",516.01,-122.30928185,47.84481926,592,2024,254,214
"457",516.02,-122.31559436,47.83400495,602,2220,249,244
"458",517.01,-122.29993573,47.82997235,614,3005,363,662
"459",517.02,-122.28638398,47.8312072,622,2115,323,401
"460",518.02,-122.27357951,47.83961671,632,2876,294,304
"461",518.03,-122.28151945,47.85623699,642,2746,393,668
"462",518.04,-122.26384211,47.85721598,652,2355,249,280
"463",519.05,-122.2709132,47.81606082,662,4148,325,705
"464",519.12,-122.11510251,47.78820728,672,1102,105,113
"465",519.13,-122.26827399,47.79996315,682,2079,212,222
"466",519.14,-122.27271085,47.78430069,692,2161,209,315
"467",519.15,-122.24665647,47.80603851,702,3923,269,618
"468",519.16,-122.22919153,47.799755,714,1976,202,210
"469",519.17,-122.24522161,47.78398654,722,1943,187,223
"470",519.18,-122.21438595,47.7834126,732,2665,237,360
"471",519.21,-122.22048479,47.82084533,742,2457,239,269
"472",519.22,-122.22485393,47.81105736,752,2118,218,200
"473",519.23,-122.2090266,47.832748,762,2136,275,240
"474",519.24,-122.19622346,47.81891518,772,3624,273,391
"475",519.25,-122.19103376,47.79492196,782,3843,362,508
"476",519.26,-122.16196754,47.79372161,792,2387,275,171
"477",519.27,-122.23818152,47.83544002,802,2379,202,297
"478",519.28,-122.2480889,47.84340586,814,2592,478,261
"479",520.03,-122.17788477,47.85601014,822,4519,344,414
"480",520.04,-122.20301503,47.87060318,832,2723,361,175
"481",520.05,-122.2038658,47.8578832,842,2661,272,266
"482",520.06,-122.1963266,47.84947182,852,2259,214,232
"483",520.07,-122.19934273,47.83950331,862,2594,198,359
"484",521.04,-122.16760962,47.99211766,872,1533,215,77
"485",521.05,-122.0913697,47.87927282,882,965,154,57
"486",521.07,-122.15578227,47.82420158,892,2301,175,220
"487",521.08,-122.10275737,47.83122241,902,3083,315,402
"488",521.12,-122.07157681,47.80147722,914,1352,125,137
"490",521.14,-122.15492814,47.85065813,932,2547,204,300
"492",521.18,-122.13196002,47.8662975,952,3502,294,353
"493",522.03,-121.98003814,47.87821863,962,2824,193,338
"494",522.04,-122.01838948,47.86676783,972,3063,307,414
"495",522.06,-121.9407982,47.92326953,982,2043,250,339
"496",522.07,-121.87767415,47.90193066,992,2862,323,251
"497",522.08,-121.98453168,47.85643987,1002,1605,276,172
"498",522.09,-121.99908229,47.83957707,1014,911,177,167
"499",523.01,-122.01876353,47.96103948,1022,2247,190,244
"500",523.02,-122.03220877,47.91199898,1032,1761,178,268
"501",524.01,-122.09321927,47.92673491,1042,1958,193,325
"502",524.02,-122.08905355,47.91465044,1052,1870,189,304
"503",525.02,-122.11846075,47.93585473,1062,1902,225,212
"504",525.03,-122.11601954,47.98650034,1072,3191,272,424
"505",525.04,-122.11131222,47.96583725,1082,1112,142,122
"506",526.03,-122.08213346,48.03285346,1092,1264,192,327
"507",526.04,-122.09355923,47.99731909,1103,1904,297,165
"508",526.05,-122.06711156,48.02061074,1114,3105,357,305
"509",526.06,-122.05237054,48.00606601,1122,2371,237,162
"510",526.07,-122.07449851,47.96882783,1132,2964,277,433
"511",527.01,-122.11859698,48.12452945,1142,799,138,112
"512",527.05,-122.10250447,48.05445906,1152,3997,339,532
"513",527.06,-122.1211569,48.00868829,1162,2842,258,310
"514",527.07,-122.11499417,48.02616806,1172,1917,237,171
"515",527.08,-122.13010678,48.0626288,1182,2627,279,239
"516",527.09,-122.09859071,48.0899368,1192,1736,191,247
"517",528.03,-122.16386991,48.13346901,1202,2187,295,197
"518",528.04,-122.16016757,48.10459572,1214,3373,380,581
"519",528.05,-122.17453842,48.08592044,1222,2045,195,373
"520",528.06,-122.15113146,48.08341808,1232,3084,300,197
"521",529.03,-122.17238388,48.05225377,1242,1684,203,299
"522",529.04,-122.15188307,48.0523677,1252,2465,306,478
"523",529.05,-122.17337716,48.06746894,1262,1933,217,336
"524",529.06,-122.15367564,48.069198,1272,2020,235,364
"525",531.01,-122.23332214,48.1730242,1282,1702,236,243
"526",531.02,-122.23759171,48.13818306,1292,2071,265,282
"527",532.01,-122.33150585,48.19436078,1302,1774,220,215
"528",532.02,-122.3303404,48.14285759,1314,2143,217,237
"529",533.01,-122.36369345,48.25838367,1322,2651,257,299
"530",533.02,-122.27927834,48.25055042,1332,2780,378,393
"531",534,-122.1380748,48.25721083,1342,2568,255,310
"532",535.04,-122.11051205,48.17802011,1352,2837,261,188
"533",535.05,-122.05305471,48.13067336,1362,2533,300,266
"534",535.06,-121.96734907,48.20169812,1372,2879,255,278
"535",535.07,-122.12985659,48.16435778,1382,2190,252,186
"536",535.08,-122.16608828,48.18744223,1392,1602,240,127
"537",535.09,-122.16162256,48.16334064,1402,1664,280,97
"539",536.03,-122.01478609,48.04538325,1422,1927,234,182
"540",536.04,-122.00526984,48.08359649,1432,2207,269,228
"543",538.02,-121.82966069,47.86713762,1462,2465,224,335
"544",538.03,-121.6715388,47.91150543,1472,2430,295,362
"545",602,-122.40864063,47.26600749,1100,414,89,85
"546",603,-122.52443607,47.30808098,2101,2170,208,220
"547",604,-122.48597213,47.28990581,3100,2310,223,188
"548",605,-122.47606731,47.27528769,412,2138,225,251
"549",606,-122.45444306,47.27612036,512,2748,326,169
"550",607,-122.47852666,47.26137307,611,3457,394,328
"551",608,-122.49634649,47.26559653,711,2768,301,297
"552",609.03,-122.52813627,47.28201914,811,1559,230,174
"553",609.04,-122.50993139,47.28080525,911,2280,356,184
"554",609.05,-122.53247027,47.26707598,1011,2961,321,385
"555",609.06,-122.50981294,47.26329716,1111,988,140,128
"556",610.01,-122.54789036,47.25313015,1211,1632,182,200
"557",610.02,-122.52253185,47.24944029,1311,1997,334,162
"558",611,-122.49397706,47.2456721,1411,3101,304,400
"559",612,-122.47453315,47.24908431,1511,2519,297,216
"560",613,-122.45899654,47.25001563,1611,1884,225,125
"561",614,-122.44832645,47.25024374,1711,796,219,113
"562",615,-122.44945019,47.26219607,1811,2635,286,445
"563",616.01,-122.44023463,47.25422831,1911,696,152,60
"564",616.02,-122.43774297,47.24014828,2011,429,102,37
"565",617,-122.4578248,47.23868375,2111,1689,282,209
"566",618,-122.45182959,47.22678864,2211,943,156,68
"567",619,-122.43417084,47.22767352,2311,779,141,144
"568",620,-122.41871608,47.22894044,2411,1888,154,184
"569",623,-122.41678491,47.21422356,2511,1763,239,72
"570",624,-122.43377748,47.21452659,2611,2506,475,234
"571",625,-122.45220739,47.21493069,2711,4063,454,643
"572",626,-122.47611576,47.21974119,2811,1302,230,212
"573",628.01,-122.49717271,47.22424528,2911,2840,347,406
"574",628.02,-122.49644817,47.19401072,3011,1773,224,168
"575",629,-122.47862705,47.20032962,3111,2980,459,312
"576",630,-122.46777626,47.1971877,3211,1537,241,193
"577",631,-122.45185053,47.19907962,3311,1600,277,147
"578",632,-122.43216646,47.19899344,3411,2354,238,301
"579",633,-122.40869934,47.19902184,3511,3024,305,317
"580",634,-122.43145715,47.18096245,3611,2557,353,434
"581",635.01,-122.45240284,47.18638643,3711,1782,295,118
"582",635.02,-122.45255032,47.17559099,3811,2191,246,208
"584",702.03,-122.18256442,47.12443757,402,2741,282,422
"585",702.04,-122.12707654,47.13888015,413,1459,217,245
"586",702.05,-122.0896652,47.16180107,422,1593,141,193
"587",702.06,-122.08411624,47.11244442,432,1794,205,146
"588",702.07,-122.01180518,47.15012651,442,2176,267,279
"589",703.07,-122.12857445,47.21249798,452,2459,221,346
"590",703.08,-122.17948861,47.18488918,462,1858,183,285
"591",703.09,-122.14684131,47.18142508,472,2500,251,386
"592",703.1,-122.1645506,47.15989864,482,2623,234,420
"593",703.11,-122.13395979,47.15639503,492,2437,187,294
"594",703.12,-122.19816709,47.16991605,502,2747,247,408
"595",703.13,-122.19429438,47.20883008,513,2946,299,560
"596",703.14,-122.19308918,47.2287286,522,1466,257,221
"597",703.15,-122.17694812,47.24601866,532,2545,251,232
"598",703.16,-122.21566668,47.24655476,542,2864,274,500
"599",704.01,-122.22345135,47.16704575,552,965,117,106
"600",704.03,-122.20904551,47.0806953,562,1621,199,206
"601",704.04,-122.22139835,47.11072409,571,2120,210,146
"602",707.03,-122.31630037,47.24921275,581,2999,266,336
"603",711,-122.37754291,47.17129157,591,1124,150,122
"604",712.05,-122.34291316,47.18538956,601,1919,196,130
"605",712.06,-122.32626881,47.16224853,612,3049,343,526
"606",712.07,-122.27914076,47.15671633,621,2870,348,402
"607",712.08,-122.2792659,47.14062472,631,3110,388,755
"608",712.09,-122.26497217,47.16352561,641,2057,176,258
"609",712.1,-122.24562895,47.16999219,651,2213,180,122
"610",713.04,-122.30528441,47.13936433,661,2763,348,342
"611",713.05,-122.38463547,47.15065326,671,1658,164,112
"612",713.06,-122.37932382,47.12407376,681,2934,318,397
"613",713.07,-122.33604285,47.14747683,691,2095,198,305
"614",713.09,-122.34030863,47.11504343,701,1939,241,173
"615",713.1,-122.33831897,47.13070907,712,2569,277,252
"616",714.03,-122.44970971,47.11021491,721,1530,218,272
"617",714.06,-122.38004411,47.08239661,731,2719,329,413
"618",714.07,-122.35113429,47.06181872,741,2916,334,298
"619",714.08,-122.4204455,47.10982712,751,1803,223,149
"620",714.09,-122.41746137,47.10070526,761,2111,263,239
"621",714.1,-122.41994136,47.08576502,771,2738,398,335
"622",714.11,-122.40885564,47.07182421,781,1843,308,238
"623",715.03,-122.4515457,47.13342769,791,2778,386,298
"624",715.04,-122.44527897,47.1456889,801,2352,323,193
"625",715.05,-122.42356774,47.13237838,812,2422,283,322
"626",715.06,-122.40542439,47.12163404,821,2191,248,377
"627",716.01,-122.41004082,47.17976336,831,2015,249,270
"628",716.02,-122.41829788,47.15994263,841,2913,375,457
"629",717.03,-122.46318726,47.17102258,851,1325,250,105
"630",717.04,-122.46677166,47.16382154,861,1923,373,185
"631",717.05,-122.44339819,47.16416619,871,1466,214,265
"632",717.06,-122.46728528,47.1564996,881,716,159,64
"633",717.07,-122.44230654,47.15475337,891,1176,134,137
"634",718.03,-122.5078634,47.18472576,901,2318,359,221
"635",718.05,-122.50029155,47.15992678,912,1561,297,259
"636",718.06,-122.50535502,47.14438868,921,1429,229,243
"637",718.07,-122.49518134,47.16852359,931,1595,338,328
"638",718.08,-122.47511616,47.17808869,941,1203,228,297
"639",719.01,-122.51619652,47.15752879,951,1747,258,257
"640",719.02,-122.53652488,47.15315473,961,2162,327,340
"641",720,-122.54525129,47.12422653,971,1444,292,200
"642",721.05,-122.55726624,47.18829286,981,1931,272,204
"643",721.06,-122.53396028,47.18613607,991,2922,410,339
"644",721.07,-122.55873768,47.16687077,1001,1945,204,274
"645",721.08,-122.5568005,47.14557874,1012,2130,306,294
"646",721.09,-122.6159635,47.16948109,1021,1435,185,200
"647",721.11,-122.59084548,47.16616572,1031,1008,145,138
"648",721.12,-122.57736347,47.16055997,1041,1840,216,180
"649",723.05,-122.51583402,47.23111627,1051,2764,209,247
"650",723.07,-122.5529411,47.21654926,1061,1972,222,125
"651",723.08,-122.58084635,47.20243861,1071,3399,297,489
"652",723.09,-122.56227359,47.2309966,1081,2639,228,257
"653",723.1,-122.54356556,47.22958456,1091,1881,228,203
"654",723.11,-122.53118999,47.22974134,1101,1887,205,303
"655",723.12,-122.5203216,47.20428841,1112,2449,269,411
"656",723.13,-122.51743167,47.2136115,1121,1733,170,86
"657",724.05,-122.68015243,47.30235448,1131,1968,230,299
"658",724.06,-122.6314015,47.31151444,1141,2838,326,354
"659",724.07,-122.56415977,47.29899548,1151,1966,352,302
"660",724.08,-122.58372641,47.2790966,1161,2619,292,248
"661",724.09,-122.6185791,47.27943474,1171,1203,106,112
"662",724.1,-122.62557521,47.24476181,1181,1714,210,140
"663",725.03,-122.66652574,47.38169032,1191,2017,236,397
"664",725.04,-122.64118292,47.3508246,1201,1704,133,241
"665",725.05,-122.59849182,47.37741899,1212,3234,310,337
"666",725.06,-122.55690017,47.36248599,1221,1731,216,228
"667",725.07,-122.58517699,47.32961448,1231,1106,168,99
"668",726.01,-122.7555067,47.37580965,1241,2165,261,191
"669",726.02,-122.76468855,47.3084259,1251,1550,266,120
"670",726.03,-122.72678212,47.20379653,1261,1783,335,171
"671",728,-122.66558311,47.1034481,1271,2793,330,164
"673",729.03,-122.60440545,47.129424,1291,355,91,22
"675",729.06,-122.54528874,47.04271629,1312,219,108,0
"677",730.01,-122.50620675,46.96898411,1331,2295,307,130
"678",730.05,-122.39868467,46.97525817,1341,2352,251,183
"679",730.06,-122.41916341,46.89764816,1351,1362,211,150
"680",731.08,-122.33705051,47.09408439,1361,3321,415,503
"681",731.1,-122.25438799,47.13495787,1371,1956,253,162
"682",731.11,-122.27921111,47.1196081,1381,1949,173,189
"683",731.13,-122.26418365,47.0711326,1391,3079,334,450
"684",731.14,-122.37589354,47.03669612,1401,2244,296,309
"685",731.15,-122.35102275,47.03866393,1412,2073,196,224
"686",731.16,-122.31678061,47.03071917,1421,1479,167,163
"687",731.17,-122.32662213,46.96783028,1431,1548,184,183
"688",731.18,-122.24775616,47.03821469,1441,2038,188,214
"689",731.19,-122.21663913,46.97223077,1451,1460,202,205
"690",731.2,-122.30500609,47.11917096,1461,1647,252,188
"691",731.21,-122.30542722,47.10349977,1471,2041,216,223
"692",731.22,-122.27416906,47.10578639,1481,1995,207,300
"693",731.23,-122.25440097,47.10204277,1491,1990,220,215
"694",731.24,-122.30412438,47.06450666,1501,1603,225,291
"695",731.25,-122.31658195,47.07931408,1512,4072,446,377
"696",731.26,-122.30149347,47.09071845,1521,1651,275,167
"697",732,-122.12953969,46.84136448,1531,2446,301,186
"698",733.01,-122.23819538,47.22816665,1541,2676,245,301
"699",733.02,-122.23672839,47.19657653,1551,1776,255,196
"700",734.04,-122.30783045,47.18105601,1561,3285,386,346
"701",734.05,-122.28185965,47.17680124,1571,1763,320,404
"702",734.06,-122.26519081,47.18520011,1581,2417,317,217
"703",734.07,-122.29835927,47.1972203,1591,1834,195,375
"704",734.08,-122.31902404,47.19792226,1601,1724,180,205
"705",735,-122.27397216,47.23116527,1612,3311,253,446
"706",801.01,-122.64804832,47.59710363,2100,1146,260,86
"707",801.02,-122.63603123,47.5926725,399,2047,244,331
"708",802,-122.62127725,47.59760041,410,1382,279,39
"709",803,-122.621673,47.58167087,510,1409,222,259
"710",804,-122.59859023,47.58127545,610,1815,184,202
"711",805,-122.62322826,47.56631578,710,1015,160,113
"712",806,-122.64928141,47.57882584,810,2229,309,352
"713",807,-122.67214347,47.58470753,910,1672,234,205
"714",808,-122.68994631,47.58890488,1010,279,90,27
"715",809,-122.69991444,47.5642195,1110,1951,234,258
"716",810,-122.66858613,47.55406107,1210,1492,321,169
"717",811,-122.6575808,47.56496775,1310,1293,307,203
"718",812,-122.64285504,47.56718109,1410,1521,229,214
"720",901.01,-122.56718859,47.86139443,1610,2659,388,234
"721",901.02,-122.51660389,47.82138598,1710,2871,335,203
"722",902.01,-122.67170735,47.78344596,1810,1825,262,234
"723",902.02,-122.61390043,47.80261876,1910,2410,290,170
"724",903,-122.71602348,47.72504034,2010,629,136,36
"725",904,-122.68106609,47.70888033,2110,1863,289,221
"726",905.01,-122.65317578,47.73816825,2210,1399,231,196
"727",905.02,-122.62675658,47.74020921,2310,1834,268,197
"728",907,-122.52596148,47.68952764,2410,2514,207,371
"729",908,-122.56358344,47.6674934,2510,1735,158,130
"730",909,-122.51229358,47.6335902,2610,3444,302,209
"731",910,-122.53793902,47.6069434,2710,2873,313,107
"732",911,-122.62988481,47.68161973,2810,2141,228,263
"733",912.01,-122.70231995,47.64759672,2910,1611,208,193
"734",912.03,-122.66587857,47.67427837,3010,2934,440,550
"735",912.04,-122.67547134,47.64632604,3110,1645,213,259
"736",913.01,-122.80992194,47.62682695,3210,1790,216,127
"737",913.02,-122.74190168,47.65176621,3310,2657,197,260
"738",914,-122.706642,47.61335856,3410,1447,204,212
"739",915,-122.66897989,47.62733008,3510,1636,201,204
"740",916,-122.63970189,47.63577724,3610,2895,345,297
"741",917,-122.60870887,47.63618545,3710,3512,394,536
"742",918,-122.60482559,47.6087608,3810,1290,171,135
"743",919,-122.65471745,47.61050227,3910,1939,212,306
"744",920,-122.85390757,47.56322719,401,2645,306,321
"745",921,-122.72204553,47.49688494,411,2965,433,393
"746",922,-122.64598785,47.53120348,421,1902,340,334
"747",923,-122.62500754,47.51894022,431,2340,263,326
"748",924,-122.59641074,47.52127334,441,2843,361,364
"749",925,-122.59368346,47.5518439,451,2203,312,268
"750",926,-122.55381483,47.56159695,461,2683,321,345
"751",927.01,-122.56769687,47.49699177,471,2143,269,138
"752",927.04,-122.51847473,47.50713513,481,1252,223,109
"753",928.01,-122.61419513,47.48843937,491,1786,182,164
"754",928.02,-122.57538797,47.4474258,501,2294,278,350
"755",928.03,-122.58455192,47.41727286,511,1250,214,130
"756",929.01,-122.72569666,47.43849209,521,2497,350,461
"757",929.02,-122.64696625,47.43659348,531,2641,297,447
"758",9400,-122.51436388,47.75320744,541,1633,87,196
"763",9400.03,-122.34585924,47.22875294,1641,3756,231,494
"764",9400.04,-122.37455029,47.20506665,1651,3081,223,356
"765",9400.05,-122.37215485,47.27918985,1661,3023,190,339
"766",9400.06,-122.40122421,47.21539443,1671,599,80,116
"767",9400.07,-122.40262931,47.23217774,1681,1141,141,160
"768",9400.08,-122.39546054,47.29399997,1691,3258,171,458
"769",9400.09,-122.31276207,47.22974025,1701,1514,169,183
"770",9400.1,-122.30382278,47.20774841,1712,1714,197,300
"771",9400.11,-122.41600697,47.30113398,1721,2251,121,193
"772",9401,-122.58473544,47.72825465,551,2976,217,338
